Workbook

Sheet HUD
A1: ⚔️ F I G H T E R ' S O S
A2: FlyeFit Macken Street | Combat Performance System
A4: SELECT YOUR DAY | B4: Day 1 | D4: PHASE | E4: ="Phase "&Settings!B3 | F4: HIP SCORE (1-5) | G4: 3 | H4: =IF(G4<=2,"🔴 HIGH ALERT",IF(G4=3,"🟡 MODERATE","🟢 GOOD"))
A5: =IF(OR(B4="Day 2",B4="Day 4"),"🥊 FIGHT GYM DAY — Log your session in the Notes section below","")
A7: 🔥 MOBILITY & INJURY PREP
A8: Movement | B8: ✓ Done | C8: Duration | D8: Coach Cue
A9: =IF(H4<=2,IF(IFERROR(INDEX(Playbook!G:G,MATCH("P"&Settings!B3&"-D"&MID(B4,5,1)&"-MOB-1-HA",Playbook!A:A,0)),"")<>"","🔴 "&IFERROR(INDEX(Playbook!G:G,MATCH("P"&Settings!B3&"-D"&MID(B4,5,1)&"-MOB-1-HA",Playbook!A:A,0)),""),IFERROR(INDEX(Playbook!G:G,MATCH("P"&Settings!B3&"-D"&MID(B4,5,1)&"-MOB-1-STD",Playbook!A:A,0)),"")),IFERROR(INDEX(Playbook!G:G,MATCH("P"&Settings!B3&"-D"&MID(B4,5,1)&"-MOB-1-STD",Playbook!A:A,0)),"")) | B9: FALSE | C9: =IFERROR(INDEX(Playbook!I:I,MATCH("P"&Settings!B3&"-D"&MID(B4,5,1)&"-MOB-1-STD",Playbook!A:A,0)),"") | D9: =IF(H4<=2,IF(IFERROR(INDEX(Playbook!O:O,MATCH("P"&Settings!B3&"-D"&MID(B4,5,1)&"-MOB-1-HA",Playbook!A:A,0)),"")<>"","🔴 "&IFERROR(INDEX(Playbook!O:O,MATCH("P"&Settings!B3&"-D"&MID(B4,5,1)&"-MOB-1-HA",Playbook!A:A,0)),""),IFERROR(INDEX(Playbook!O:O,MATCH("P"&Settings!B3&"-D"&MID(B4,5,1)&"-MOB-1-STD",Playbook!A:A,0)),"")),IFERROR(INDEX(Playbook!O:O,MATCH("P"&Settings!B3&"-D"&MID(B4,5,1)&"-MOB-1-STD",Playbook!A:A,0)),""))
A10: =IF(H4<=2,IF(IFERROR(INDEX(Playbook!G:G,MATCH("P"&Settings!B3&"-D"&MID(B4,5,1)&"-MOB-2-HA",Playbook!A:A,0)),"")<>"","🔴 "&IFERROR(INDEX(Playbook!G:G,MATCH("P"&Settings!B3&"-D"&MID(B4,5,1)&"-MOB-2-HA",Playbook!A:A,0)),""),IFERROR(INDEX(Playbook!G:G,MATCH("P"&Settings!B3&"-D"&MID(B4,5,1)&"-MOB-2-STD",Playbook!A:A,0)),"")),IFERROR(INDEX(Playbook!G:G,MATCH("P"&Settings!B3&"-D"&MID(B4,5,1)&"-MOB-2-STD",Playbook!A:A,0)),"")) | B10: FALSE | C10: =IFERROR(INDEX(Playbook!I:I,MATCH("P"&Settings!B3&"-D"&MID(B4,5,1)&"-MOB-2-STD",Playbook!A:A,0)),"") | D10: =IF(H4<=2,IF(IFERROR(INDEX(Playbook!O:O,MATCH("P"&Settings!B3&"-D"&MID(B4,5,1)&"-MOB-2-HA",Playbook!A:A,0)),"")<>"","🔴 "&IFERROR(INDEX(Playbook!O:O,MATCH("P"&Settings!B3&"-D"&MID(B4,5,1)&"-MOB-2-HA",Playbook!A:A,0)),""),IFERROR(INDEX(Playbook!O:O,MATCH("P"&Settings!B3&"-D"&MID(B4,5,1)&"-MOB-2-STD",Playbook!A:A,0)),"")),IFERROR(INDEX(Playbook!O:O,MATCH("P"&Settings!B3&"-D"&MID(B4,5,1)&"-MOB-2-STD",Playbook!A:A,0)),""))
A11: =IF(H4<=2,IF(IFERROR(INDEX(Playbook!G:G,MATCH("P"&Settings!B3&"-D"&MID(B4,5,1)&"-MOB-3-HA",Playbook!A:A,0)),"")<>"","🔴 "&IFERROR(INDEX(Playbook!G:G,MATCH("P"&Settings!B3&"-D"&MID(B4,5,1)&"-MOB-3-HA",Playbook!A:A,0)),""),IFERROR(INDEX(Playbook!G:G,MATCH("P"&Settings!B3&"-D"&MID(B4,5,1)&"-MOB-3-STD",Playbook!A:A,0)),"")),IFERROR(INDEX(Playbook!G:G,MATCH("P"&Settings!B3&"-D"&MID(B4,5,1)&"-MOB-3-STD",Playbook!A:A,0)),"")) | B11: FALSE | C11: =IFERROR(INDEX(Playbook!I:I,MATCH("P"&Settings!B3&"-D"&MID(B4,5,1)&"-MOB-3-STD",Playbook!A:A,0)),"") | D11: =IF(H4<=2,IF(IFERROR(INDEX(Playbook!O:O,MATCH("P"&Settings!B3&"-D"&MID(B4,5,1)&"-MOB-3-HA",Playbook!A:A,0)),"")<>"","🔴 "&IFERROR(INDEX(Playbook!O:O,MATCH("P"&Settings!B3&"-D"&MID(B4,5,1)&"-MOB-3-HA",Playbook!A:A,0)),""),IFERROR(INDEX(Playbook!O:O,MATCH("P"&Settings!B3&"-D"&MID(B4,5,1)&"-MOB-3-STD",Playbook!A:A,0)),"")),IFERROR(INDEX(Playbook!O:O,MATCH("P"&Settings!B3&"-D"&MID(B4,5,1)&"-MOB-3-STD",Playbook!A:A,0)),""))
A12: =IF(H4<=2,IF(IFERROR(INDEX(Playbook!G:G,MATCH("P"&Settings!B3&"-D"&MID(B4,5,1)&"-MOB-4-HA",Playbook!A:A,0)),"")<>"","🔴 "&IFERROR(INDEX(Playbook!G:G,MATCH("P"&Settings!B3&"-D"&MID(B4,5,1)&"-MOB-4-HA",Playbook!A:A,0)),""),IFERROR(INDEX(Playbook!G:G,MATCH("P"&Settings!B3&"-D"&MID(B4,5,1)&"-MOB-4-STD",Playbook!A:A,0)),"")),IFERROR(INDEX(Playbook!G:G,MATCH("P"&Settings!B3&"-D"&MID(B4,5,1)&"-MOB-4-STD",Playbook!A:A,0)),"")) | B12: FALSE | C12: =IFERROR(INDEX(Playbook!I:I,MATCH("P"&Settings!B3&"-D"&MID(B4,5,1)&"-MOB-4-STD",Playbook!A:A,0)),"") | D12: =IF(H4<=2,IF(IFERROR(INDEX(Playbook!O:O,MATCH("P"&Settings!B3&"-D"&MID(B4,5,1)&"-MOB-4-HA",Playbook!A:A,0)),"")<>"","🔴 "&IFERROR(INDEX(Playbook!O:O,MATCH("P"&Settings!B3&"-D"&MID(B4,5,1)&"-MOB-4-HA",Playbook!A:A,0)),""),IFERROR(INDEX(Playbook!O:O,MATCH("P"&Settings!B3&"-D"&MID(B4,5,1)&"-MOB-4-STD",Playbook!A:A,0)),"")),IFERROR(INDEX(Playbook!O:O,MATCH("P"&Settings!B3&"-D"&MID(B4,5,1)&"-MOB-4-STD",Playbook!A:A,0)),""))
A13: =IF(H4<=2,IF(IFERROR(INDEX(Playbook!G:G,MATCH("P"&Settings!B3&"-D"&MID(B4,5,1)&"-MOB-5-HA",Playbook!A:A,0)),"")<>"","🔴 "&IFERROR(INDEX(Playbook!G:G,MATCH("P"&Settings!B3&"-D"&MID(B4,5,1)&"-MOB-5-HA",Playbook!A:A,0)),""),IFERROR(INDEX(Playbook!G:G,MATCH("P"&Settings!B3&"-D"&MID(B4,5,1)&"-MOB-5-STD",Playbook!A:A,0)),"")),IFERROR(INDEX(Playbook!G:G,MATCH("P"&Settings!B3&"-D"&MID(B4,5,1)&"-MOB-5-STD",Playbook!A:A,0)),"")) | B13: FALSE | C13: =IFERROR(INDEX(Playbook!I:I,MATCH("P"&Settings!B3&"-D"&MID(B4,5,1)&"-MOB-5-STD",Playbook!A:A,0)),"") | D13: =IF(H4<=2,IF(IFERROR(INDEX(Playbook!O:O,MATCH("P"&Settings!B3&"-D"&MID(B4,5,1)&"-MOB-5-HA",Playbook!A:A,0)),"")<>"","🔴 "&IFERROR(INDEX(Playbook!O:O,MATCH("P"&Settings!B3&"-D"&MID(B4,5,1)&"-MOB-5-HA",Playbook!A:A,0)),""),IFERROR(INDEX(Playbook!O:O,MATCH("P"&Settings!B3&"-D"&MID(B4,5,1)&"-MOB-5-STD",Playbook!A:A,0)),"")),IFERROR(INDEX(Playbook!O:O,MATCH("P"&Settings!B3&"-D"&MID(B4,5,1)&"-MOB-5-STD",Playbook!A:A,0)),""))
A15: 💪 STRENGTH + PAP SUPERSETS
A16: Exercise | B16: S1 kg | C16: S1 reps | D16: S2 kg | E16: S2 reps | F16: S3 kg | G16: S3 reps | H16: S4 kg | I16: S4 reps
A17: =IF(IFERROR(INDEX(Playbook!G:G,MATCH("P"&Settings!B3&"-D"&MID(B4,5,1)&"-STR-1",Playbook!A:A,0)),"")="","","[A] "&IFERROR(INDEX(Playbook!G:G,MATCH("P"&Settings!B3&"-D"&MID(B4,5,1)&"-STR-1",Playbook!A:A,0)),"")) | B17: =IFERROR("Target: "&INDEX(Playbook!I:I,MATCH("P"&Settings!B3&"-D"&MID(B4,5,1)&"-STR-1",Playbook!A:A,0))&" | "&INDEX(Playbook!J:J,MATCH("P"&Settings!B3&"-D"&MID(B4,5,1)&"-STR-1",Playbook!A:A,0)),"") | I17: =IFERROR("💡 "&INDEX(Playbook!O:O,MATCH("P"&Settings!B3&"-D"&MID(B4,5,1)&"-STR-1",Playbook!A:A,0)),"")
A18: Set 1
A19: Set 2
A20: Set 3
A21: Set 4
A22: =IFERROR("⚡ PAP: "&INDEX(Playbook!K:K,MATCH("P"&Settings!B3&"-D"&MID(B4,5,1)&"-STR-1",Playbook!A:A,0))&" ("&INDEX(Playbook!L:L,MATCH("P"&Settings!B3&"-D"&MID(B4,5,1)&"-STR-1",Playbook!A:A,0))&"×"&INDEX(Playbook!M:M,MATCH("P"&Settings!B3&"-D"&MID(B4,5,1)&"-STR-1",Playbook!A:A,0))&")","—") | B22: FALSE | C22: ✓ PAP Done
A23: =IF(IFERROR(INDEX(Playbook!G:G,MATCH("P"&Settings!B3&"-D"&MID(B4,5,1)&"-STR-2",Playbook!A:A,0)),"")="","","[B] "&IFERROR(INDEX(Playbook!G:G,MATCH("P"&Settings!B3&"-D"&MID(B4,5,1)&"-STR-2",Playbook!A:A,0)),"")) | B23: =IFERROR("Target: "&INDEX(Playbook!I:I,MATCH("P"&Settings!B3&"-D"&MID(B4,5,1)&"-STR-2",Playbook!A:A,0))&" | "&INDEX(Playbook!J:J,MATCH("P"&Settings!B3&"-D"&MID(B4,5,1)&"-STR-2",Playbook!A:A,0)),"") | I23: =IFERROR("💡 "&INDEX(Playbook!O:O,MATCH("P"&Settings!B3&"-D"&MID(B4,5,1)&"-STR-2",Playbook!A:A,0)),"")
A24: Set 1
A25: Set 2
A26: Set 3
A27: Set 4
A28: =IFERROR("⚡ PAP: "&INDEX(Playbook!K:K,MATCH("P"&Settings!B3&"-D"&MID(B4,5,1)&"-STR-2",Playbook!A:A,0))&" ("&INDEX(Playbook!L:L,MATCH("P"&Settings!B3&"-D"&MID(B4,5,1)&"-STR-2",Playbook!A:A,0))&"×"&INDEX(Playbook!M:M,MATCH("P"&Settings!B3&"-D"&MID(B4,5,1)&"-STR-2",Playbook!A:A,0))&")","—") | B28: FALSE | C28: ✓ PAP Done
A29: =IF(IFERROR(INDEX(Playbook!G:G,MATCH("P"&Settings!B3&"-D"&MID(B4,5,1)&"-STR-3",Playbook!A:A,0)),"")="","","[C] "&IFERROR(INDEX(Playbook!G:G,MATCH("P"&Settings!B3&"-D"&MID(B4,5,1)&"-STR-3",Playbook!A:A,0)),"")) | B29: =IFERROR("Target: "&INDEX(Playbook!I:I,MATCH("P"&Settings!B3&"-D"&MID(B4,5,1)&"-STR-3",Playbook!A:A,0))&" | "&INDEX(Playbook!J:J,MATCH("P"&Settings!B3&"-D"&MID(B4,5,1)&"-STR-3",Playbook!A:A,0)),"") | I29: =IFERROR("💡 "&INDEX(Playbook!O:O,MATCH("P"&Settings!B3&"-D"&MID(B4,5,1)&"-STR-3",Playbook!A:A,0)),"")
A30: Set 1
A31: Set 2
A32: Set 3
A33: Set 4
A34: =IFERROR("⚡ PAP: "&INDEX(Playbook!K:K,MATCH("P"&Settings!B3&"-D"&MID(B4,5,1)&"-STR-3",Playbook!A:A,0))&" ("&INDEX(Playbook!L:L,MATCH("P"&Settings!B3&"-D"&MID(B4,5,1)&"-STR-3",Playbook!A:A,0))&"×"&INDEX(Playbook!M:M,MATCH("P"&Settings!B3&"-D"&MID(B4,5,1)&"-STR-3",Playbook!A:A,0))&")","—") | B34: FALSE | C34: ✓ PAP Done
A35: =IF(IFERROR(INDEX(Playbook!G:G,MATCH("P"&Settings!B3&"-D"&MID(B4,5,1)&"-STR-4",Playbook!A:A,0)),"")="","","[D] "&IFERROR(INDEX(Playbook!G:G,MATCH("P"&Settings!B3&"-D"&MID(B4,5,1)&"-STR-4",Playbook!A:A,0)),"")) | B35: =IFERROR("Target: "&INDEX(Playbook!I:I,MATCH("P"&Settings!B3&"-D"&MID(B4,5,1)&"-STR-4",Playbook!A:A,0))&" | "&INDEX(Playbook!J:J,MATCH("P"&Settings!B3&"-D"&MID(B4,5,1)&"-STR-4",Playbook!A:A,0)),"") | I35: =IFERROR("💡 "&INDEX(Playbook!O:O,MATCH("P"&Settings!B3&"-D"&MID(B4,5,1)&"-STR-4",Playbook!A:A,0)),"")
A36: Set 1
A37: Set 2
A38: Set 3
A39: Set 4
A40: =IFERROR("⚡ PAP: "&INDEX(Playbook!K:K,MATCH("P"&Settings!B3&"-D"&MID(B4,5,1)&"-STR-4",Playbook!A:A,0))&" ("&INDEX(Playbook!L:L,MATCH("P"&Settings!B3&"-D"&MID(B4,5,1)&"-STR-4",Playbook!A:A,0))&"×"&INDEX(Playbook!M:M,MATCH("P"&Settings!B3&"-D"&MID(B4,5,1)&"-STR-4",Playbook!A:A,0))&")","—") | B40: FALSE | C40: ✓ PAP Done
A42: 🥊 VARGA BAG WORK
A43: Target Rounds | B43: =IFERROR(INDEX(Playbook!I:I,MATCH("P"&Settings!B3&"-D"&MID(B4,5,1)&"-BAG-1",Playbook!A:A,0)),"—") | F43: ROUNDS DONE:
A44: Combo Focus | B44: =IFERROR(INDEX(Playbook!N:N,MATCH("P"&Settings!B3&"-D"&MID(B4,5,1)&"-BAG-1",Playbook!A:A,0)),"—")
A45: Coach Cue | B45: =IFERROR(INDEX(Playbook!O:O,MATCH("P"&Settings!B3&"-D"&MID(B4,5,1)&"-BAG-1",Playbook!A:A,0)),"—")
A46: Session Notes
A48: ❄️ COOLDOWN & STRETCH
A49: Movement | B49: ✓ Done | C49: Duration | D49: Note
A50: =IFERROR(INDEX(Playbook!G:G,MATCH("P"&Settings!B3&"-D"&MID(B4,5,1)&"-CLR-1",Playbook!A:A,0)),"") | B50: FALSE | C50: =IFERROR(INDEX(Playbook!I:I,MATCH("P"&Settings!B3&"-D"&MID(B4,5,1)&"-CLR-1",Playbook!A:A,0)),"") | D50: =IFERROR(INDEX(Playbook!J:J,MATCH("P"&Settings!B3&"-D"&MID(B4,5,1)&"-CLR-1",Playbook!A:A,0)),"")
A51: =IFERROR(INDEX(Playbook!G:G,MATCH("P"&Settings!B3&"-D"&MID(B4,5,1)&"-CLR-2",Playbook!A:A,0)),"") | B51: FALSE | C51: =IFERROR(INDEX(Playbook!I:I,MATCH("P"&Settings!B3&"-D"&MID(B4,5,1)&"-CLR-2",Playbook!A:A,0)),"") | D51: =IFERROR(INDEX(Playbook!J:J,MATCH("P"&Settings!B3&"-D"&MID(B4,5,1)&"-CLR-2",Playbook!A:A,0)),"")
A52: =IFERROR(INDEX(Playbook!G:G,MATCH("P"&Settings!B3&"-D"&MID(B4,5,1)&"-CLR-3",Playbook!A:A,0)),"") | B52: FALSE | C52: =IFERROR(INDEX(Playbook!I:I,MATCH("P"&Settings!B3&"-D"&MID(B4,5,1)&"-CLR-3",Playbook!A:A,0)),"") | D52: =IFERROR(INDEX(Playbook!J:J,MATCH("P"&Settings!B3&"-D"&MID(B4,5,1)&"-CLR-3",Playbook!A:A,0)),"")
A53: =IFERROR(INDEX(Playbook!G:G,MATCH("P"&Settings!B3&"-D"&MID(B4,5,1)&"-CLR-4",Playbook!A:A,0)),"") | B53: FALSE | C53: =IFERROR(INDEX(Playbook!I:I,MATCH("P"&Settings!B3&"-D"&MID(B4,5,1)&"-CLR-4",Playbook!A:A,0)),"") | D53: =IFERROR(INDEX(Playbook!J:J,MATCH("P"&Settings!B3&"-D"&MID(B4,5,1)&"-CLR-4",Playbook!A:A,0)),"")
A54: =IFERROR(INDEX(Playbook!G:G,MATCH("P"&Settings!B3&"-D"&MID(B4,5,1)&"-CLR-5",Playbook!A:A,0)),"") | B54: FALSE | C54: =IFERROR(INDEX(Playbook!I:I,MATCH("P"&Settings!B3&"-D"&MID(B4,5,1)&"-CLR-5",Playbook!A:A,0)),"") | D54: =IFERROR(INDEX(Playbook!J:J,MATCH("P"&Settings!B3&"-D"&MID(B4,5,1)&"-CLR-5",Playbook!A:A,0)),"")
A56: 📊 SESSION COMPLETENESS
A57: Completeness % | F57: =ROUND((COUNTIF(B9:B13,TRUE)+COUNTIF(B50:B54,TRUE)+COUNTA(B18:I40)/16*8+IF(ISNUMBER(G43),MIN(G43,6),0))/(10+8+6)*100,1)
A58: Hip Score Today | B58: =G4 | C58: =IF(G4<=2,"🔴 HIGH ALERT — Hip mobilisation protocol is ACTIVE",IF(G4=3,"🟡 MODERATE — Monitor and log","🟢 GOOD — Full standard protocol"))
A60: ▶ LOG SESSION | F60: ↺ RESET HUD
A61: 🔓 CHECK PHASE UNLOCK STATUS

Sheet Settings
A1: ⚙️ FIGHTER'S OS — SETTINGS
A3: CURRENT PHASE | B3: 1 | C3: ← Change to 2 or 3 when unlocked
A4: SESSIONS PER PHASE (threshold) | B4: 12 | C4: Phase 2 unlocks after 12 completed gym sessions
A6: PHASE 1 GYM SESSIONS LOGGED | B6: =COUNTIFS(FightLog!C:C,1,FightLog!B:B,"<>2",FightLog!B:B,"<>4") | C6: Auto-calculated
A7: PHASE 2 GYM SESSIONS LOGGED | B7: =COUNTIFS(FightLog!C:C,2,FightLog!B:B,"<>2",FightLog!B:B,"<>4") | C7: Auto-calculated
A8: PHASE 3 GYM SESSIONS LOGGED | B8: =COUNTIFS(FightLog!C:C,3,FightLog!B:B,"<>2",FightLog!B:B,"<>4") | C8: Auto-calculated
A10: PHASE UNLOCK STATUS | B10: =IF(B6>=B4,"PHASE "&(B3+1)&" UNLOCKED — Update phase above!","Sessions until Phase "&(B3+1)&": "&(B4-B6)) | C10: Auto-updates
A12: ATHLETE | B12: Fighter's OS User | C12: Edit your name
A13: BRANCH | B13: FlyeFit Macken St.

Sheet Playbook
A1: Key | B1: Phase | C1: Day | D1: Block | E1: Slot | F1: Variant | G1: Exercise | H1: Sets | I1: Target_Reps | J1: Load_Note | K1: PAP_Exercise | L1: PAP_Sets | M1: PAP_Reps | N1: Combo_Focus | O1: Cue
A2: P1-D1-MOB-1-STD | B2: 1 | C2: 1 | D2: MOBILITY | E2: 1 | F2: STANDARD | G2: 90/90 Hip Internal/External Rotation | I2: 2x60s each side | J2: RIGHT side priority | O2: Breathe into the position, find end range
A3: P1-D1-MOB-2-STD | B3: 1 | C3: 1 | D3: MOBILITY | E3: 2 | F3: STANDARD | G3: Supine Figure-4 Piriformis | I3: 2x45s each side | J3: Feel the outer hip | O3: Cross ankle over knee, flex foot, gentle pressure
A4: P1-D1-MOB-3-STD | B4: 1 | C4: 1 | D4: MOBILITY | E4: 3 | F4: STANDARD | G4: Half-Kneeling Hip Flexor + PPT | I4: 2x45s each side | J4: RIGHT side priority | O4: Squeeze glute, tuck pelvis — actively stretch psoas
A5: P1-D1-MOB-1-HA | B5: 1 | C5: 1 | D5: MOBILITY | E5: 1 | F5: HIGH_ALERT | G5: Supine Knee Circles (Easy) | I5: 2x10 each direction | J5: Gentle joint warm-up | O5: Slow easy circles to warm the joint only
A6: P1-D1-MOB-2-HA | B6: 1 | C6: 1 | D6: MOBILITY | E6: 2 | F6: HIGH_ALERT | G6: Lying Windshield Wiper | I6: 2x60s | J6: Both legs slow | O6: Feet flat, let knees fall side to side
A7: P1-D1-MOB-3-HA | B7: 1 | C7: 1 | D7: MOBILITY | E7: 3 | F7: HIGH_ALERT | G7: Adductor Longus Pin & Stretch | I7: 2x60s each side | J7: Find the tightest point | O7: Thumb pressure into inner thigh while stretching
A8: P1-D1-MOB-4-HA | B8: 1 | C8: 1 | D8: MOBILITY | E8: 4 | F8: HIGH_ALERT | G8: Supine Band Psoas Floss | I8: 2x45s each side | J8: Gentle traction only | O8: Band around proximal thigh, pull knee to chest gently
A9: P1-D1-MOB-5-HA | B9: 1 | C9: 1 | D9: MOBILITY | E9: 5 | F9: HIGH_ALERT | G9: Hip Joint Distraction (Band) | I9: 2x60s each side | J9: RIGHT side first | O9: Band at groin crease, step away for traction
A10: P1-D1-STR-1 | B10: 1 | C10: 1 | D10: STRENGTH | E10: 1 | F10: STANDARD | G10: Barbell Back Squat | H10: 4 | I10: 4-5 reps | J10: 80% 1RM | K10: Box Jump | L10: 4 | M10: 3 | O10: Controlled 3s descent, drive through heels, full depth
A11: P1-D1-STR-2 | B11: 1 | C11: 1 | D11: STRENGTH | E11: 2 | F11: STANDARD | G11: Romanian Deadlift | H11: 3 | I11: 8 reps | J11: Moderate — feel the hamstring | K11: Broad Jump | L11: 3 | M11: 3 | O11: Neutral spine, hip hinge, stretch at bottom
A12: P1-D1-STR-3 | B12: 1 | C12: 1 | D12: STRENGTH | E12: 3 | F12: STANDARD | G12: Barbell Hip Thrust | H12: 3 | I12: 10 reps | J12: Full glute squeeze 2s hold
A13: P1-D1-BAG-1 | B13: 1 | C13: 1 | D13: BAG | E13: 1 | F13: STANDARD | G13: Bag Work — Jab-Cross Foundation | H13: 6 | I13: 3 min rounds | J13: 60s rest between rounds | N13: R1: Technical Jab-Cross | R2: Jab-Cross-Hook | R3: Double Jab-Cross | R4: + Step Out | R5: Speed Round | R6: Power Round | O13: Stay loose. Snap the jab, rotate the hip into the cross.
A14: P1-D1-CLR-1 | B14: 1 | C14: 1 | D14: COOLDOWN | E14: 1 | F14: STANDARD | G14: Pigeon Pose (Deep) | H14: 3 | I14: 90s each side | J14: RIGHT hip: 3 sets. LEFT: 2 sets | O14: Breathe deep, melt into the floor — this is your most important stretch
A15: P1-D1-CLR-2 | B15: 1 | C15: 1 | D15: COOLDOWN | E15: 2 | F15: STANDARD | G15: Couch Stretch (Psoas/Quad) | H15: 2 | I15: 60s each side | J15: RIGHT side priority | O15: Posterior pelvic tilt throughout — actively stretch the psoas
A16: P1-D1-CLR-3 | B16: 1 | C16: 1 | D16: COOLDOWN | E16: 3 | F16: STANDARD | G16: Butterfly Adductor Stretch | H16: 2 | I16: 60s | J16: Lean forward — feel groin
A17: P1-D1-CLR-4 | B17: 1 | C17: 1 | D17: COOLDOWN | E17: 4 | F17: STANDARD | G17: QL Side Bend (Standing) | H17: 2 | I17: 45s each side | J17: Feel the lateral chain
A18: P1-D3-MOB-1-STD | B18: 1 | C18: 3 | D18: MOBILITY | E18: 1 | F18: STANDARD | G18: Thoracic Rotation with Band | H18: 2 | I18: 10 each side | J18: Full rotation — chin over shoulder | O18: Anchor band, rotate fully, hold 1s at end range
A19: P1-D3-MOB-2-STD | B19: 1 | C19: 3 | D19: MOBILITY | E19: 2 | F19: STANDARD | G19: World's Greatest Stretch | H19: 1 | I19: 5 each side | J19: Slow and controlled | O19: Lunge + elbow to floor + thoracic rotation in one fluid move
A20: P1-D3-MOB-3-STD | B20: 1 | C20: 3 | D20: MOBILITY | E20: 3 | F20: STANDARD | G20: Active Hip Flexor Reach | H20: 2 | I20: 45s each side | J20: Stretch hip flexor while reaching overhead | O20: Half-kneeling, reach opposite arm overhead and laterally
A21: P1-D3-STR-1 | B21: 1 | C21: 3 | D21: STRENGTH | E21: 1 | F21: STANDARD | G21: Incline Barbell Press | H21: 4 | I21: 5 reps | J21: 75% 1RM — explosive intent | K21: Explosive Push-up | L21: 4 | M21: 5 | O21: Controlled down, explosive up — this is PAP prep
A22: P1-D3-STR-2 | B22: 1 | C22: 3 | D22: STRENGTH | E22: 2 | F22: STANDARD | G22: Weighted Dip | H22: 3 | I22: 6 reps | J22: +15kg Phase 1 | K22: Clap Push-up | L22: 3 | M22: 5 | O22: Full ROM — chest to bar depth, explosive press
A23: P1-D3-STR-3 | B23: 1 | C23: 3 | D23: STRENGTH | E23: 3 | F23: STANDARD | G23: Landmine Press (Rotational) | H23: 3 | I23: 8 reps each side | J23: Feel the rotation — punch pattern
A24: P1-D3-BAG-1 | B24: 1 | C24: 3 | D24: BAG | E24: 1 | F24: STANDARD | G24: Bag Work — Cross-Hook-Cross Power | H24: 6 | I24: 3 min rounds | J24: 60s rest between rounds | N24: R1-2: Technical 2-3-2 | R3-4: Combo with footwork | R5: Defence + Counter | R6: All-out power round | O24: RIGHT hand power focus every session — rotate the hip INTO the cross
A25: P1-D3-CLR-1 | B25: 1 | C25: 3 | D25: COOLDOWN | E25: 1 | F25: STANDARD | G25: Doorway Chest Stretch | H25: 2 | I25: 60s | J25: Multiple angles — high/mid/low | O25: Find the tightest angle and stay there
A26: P1-D3-CLR-2 | B26: 1 | C26: 3 | D26: COOLDOWN | E26: 2 | F26: STANDARD | G26: Shoulder Cross-Body Rear Delt | H26: 2 | I26: 45s each | J26: Feel rear delt/capsule | O26: Arm across chest, opposite hand pulls at elbow
A27: P1-D3-CLR-3 | B27: 1 | C27: 3 | D27: COOLDOWN | E27: 3 | F27: STANDARD | G27: Thread-the-Needle T-Spine | H27: 2 | I27: 45s each side | J27: Full thoracic rotation
A28: P1-D3-CLR-4 | B28: 1 | C28: 3 | D28: COOLDOWN | E28: 4 | F28: STANDARD | G28: Doorway Hip Flexor Lunge | H28: 2 | I28: 45s each side | J28: RIGHT side priority — desk posture fix | O28: Posterior pelvic tilt throughout stretch
A29: P1-D5-MOB-1-STD | B29: 1 | C29: 5 | D29: MOBILITY | E29: 1 | F29: STANDARD | G29: Cossack Squat | H29: 2 | I29: 6 each side | J29: Load adductors through full range | O29: Slow descent, feel the inner thigh — this IS hip rehab
A30: P1-D5-MOB-2-STD | B30: 1 | C30: 5 | D30: MOBILITY | E30: 2 | F30: STANDARD | G30: Band Hip Abduction Standing | H30: 2 | I30: 15 reps each | J30: Straight leg — glute fires
A31: P1-D5-MOB-3-STD | B31: 1 | C31: 5 | D31: MOBILITY | E31: 3 | F31: STANDARD | G31: Adductor Stretch + Knee Drive | H31: 2 | I31: 45s each | J31: Inner thigh tension then release | O31: Wide stance, shift weight side to side
A32: P1-D5-MOB-4-STD | B32: 1 | C32: 5 | D32: MOBILITY | E32: 4 | F32: STANDARD | G32: Hip Flexion + External Rotation | H32: 2 | I32: 45s each | J32: RIGHT hip focus
A33: P1-D5-MOB-5-STD | B33: 1 | C33: 5 | D33: MOBILITY | E33: 5 | F33: STANDARD | G33: Supine Hip CARs | H33: 2 | I33: 5 each direction | J33: Full controlled circles
A34: P1-D5-MOB-1-HA | B34: 1 | C34: 5 | D34: MOBILITY | E34: 1 | F34: HIGH_ALERT | G34: Hip CARs (Slow — Full ROM) | H34: 2 | I34: 5 each direction | J34: Maximum joint range at zero load | O34: HIGH ALERT: prioritise range over reps today
A35: P1-D5-MOB-2-HA | B35: 1 | C35: 5 | D35: MOBILITY | E35: 2 | F35: HIGH_ALERT | G35: Lying Hip IR + Traction | H35: 2 | I35: 60s each direction | J35: Gentle traction into internal rotation | O35: Towel under knee for support if needed
A36: P1-D5-MOB-3-HA | B36: 1 | C36: 5 | D36: MOBILITY | E36: 3 | F36: HIGH_ALERT | G36: Cat-Cow + Hip Circles | H36: 2 | I36: 8 reps | J36: Lumbar and hip joint warm-up
A37: P1-D5-MOB-4-HA | B37: 1 | C37: 5 | D37: MOBILITY | E37: 4 | F37: HIGH_ALERT | G37: Adductor PAILs-RAILs | H37: 2 | I37: 45s hold each | J37: Contract then relax — neurological reset | O37: 5s contract against floor, then deepen stretch
A38: P1-D5-MOB-5-HA | B38: 1 | C38: 5 | D38: MOBILITY | E38: 5 | F38: HIGH_ALERT | G38: 90/90 Stretch (Both Positions) | H38: 3 | I38: 90s each side | J38: RIGHT side 3 sets — non-negotiable | O38: This is your primary hip rehab movement on HIGH ALERT days
A39: P1-D5-STR-1 | B39: 1 | C39: 5 | D39: STRENGTH | E39: 1 | F39: STANDARD | G39: Bulgarian Split Squat | H39: 4 | I39: 6 reps each leg | J39: Bodyweight to start — add load when form is perfect | K39: Single-Leg Broad Jump | L39: 4 | M39: 3 | O39: RIGHT leg forward first — this exposes the imbalance. Control the descent.
A40: P1-D5-STR-2 | B40: 1 | C40: 5 | D40: STRENGTH | E40: 2 | F40: STANDARD | G40: Single-Leg Romanian Deadlift | H40: 3 | I40: 8 reps each | J40: Controlled — feel hamstring stretch
A41: P1-D5-STR-3 | B41: 1 | C41: 5 | D41: STRENGTH | E41: 3 | F41: STANDARD | G41: Copenhagen Plank | H41: 3 | I41: 20s each side | J41: THIS IS YOUR KICK STRENGTH EXERCISE
A42: P1-D5-STR-4 | B42: 1 | C42: 5 | D42: STRENGTH | E42: 4 | F42: STANDARD | G42: Single-Leg Hip Thrust | H42: 3 | I42: 10 reps each | J42: Drive through heel — max glute contraction
A43: P1-D5-BAG-1 | B43: 1 | C43: 5 | D43: BAG | E43: 1 | F43: STANDARD | G43: Bag Work — Roundhouse Kick Setup | H43: 6 | I43: 3 min rounds | J43: 60s rest between rounds | N43: R1-2: Jab-Cross + Kick SETUP (no kick yet) | R3-4: Full Roundhouse technique | R5: Jab-Cross + LOW kick | R6: Flow — all techniques | O43: FOCUS: plant foot fully, drive hip through. Power comes from hip rotation.
A44: P1-D5-CLR-1 | B44: 1 | C44: 5 | D44: COOLDOWN | E44: 1 | F44: STANDARD | G44: Pigeon Pose EXTENDED | H44: 3 | I44: 90s each side | J44: RIGHT side: 3 sets non-negotiable | O44: Longest hold of the week — this is where the hip heals
A45: P1-D5-CLR-2 | B45: 1 | C45: 5 | D45: COOLDOWN | E45: 2 | F45: STANDARD | G45: Prone Hip Extension | H45: 2 | I45: 60s each side | J45: Feel glute activate — reciprocal inhibition at rest | O45: Squeeze glute, lift leg 5cm. Hold. Psoas releases.
A46: P1-D5-CLR-3 | B46: 1 | C46: 5 | D46: COOLDOWN | E46: 3 | F46: STANDARD | G46: Child's Pose + Hip Shift | H46: 2 | I46: 60s each side | J46: Shift hips to each side — lateral stretch | O46: Walk hands to one corner, feel the QL and hip flexor
A47: P1-D5-CLR-4 | B47: 1 | C47: 5 | D47: COOLDOWN | E47: 4 | F47: STANDARD | G47: Side-Lying Hip Abduction Hold | H47: 2 | I47: 45s each | J47: TARGET: Pectineus & adductor longus
A48: P1-D5-CLR-5 | B48: 1 | C48: 5 | D48: COOLDOWN | E48: 5 | F48: STANDARD | G48: Supine Spinal Twist | H48: 2 | I48: 60s each side | J48: Full lumbar decompression
A49: P1-D6-MOB-1-STD | B49: 1 | C49: 6 | D49: MOBILITY | E49: 1 | F49: STANDARD | G49: Band Pull-Apart | H49: 2 | I49: 15 reps | J49: Scapular retraction — open the chest | O49: Slow and controlled. Hold the retraction 1s at back.
A50: P1-D6-MOB-2-STD | B50: 1 | C50: 6 | D50: MOBILITY | E50: 2 | F50: STANDARD | G50: Scapular Wall Slides | H50: 2 | I50: 10 reps | J50: Maintain contact with wall throughout | O50: Elbows and wrists stay on wall — full YWTL pattern
A51: P1-D6-MOB-3-STD | B51: 1 | C51: 6 | D51: MOBILITY | E51: 3 | F51: STANDARD | G51: T-Spine Extension over Foam Roller | H51: 2 | I51: 10 reps | J51: Target thoracic — not lumbar | O51: Arms across chest, extend over roller at different levels
A52: P1-D6-STR-1 | B52: 1 | C52: 6 | D52: STRENGTH | E52: 1 | F52: STANDARD | G52: Weighted Pull-up | H52: 4 | I52: 4 reps | J52: +20kg Phase 1 (you're at +35kg max) | K52: Explosive Pull-up (BW) | L52: 4 | M52: 5 | O52: Controlled 3s descent. Explosive Pull-up: max speed — like pulling yourself out of danger.
A53: P1-D6-STR-2 | B53: 1 | C53: 6 | D53: STRENGTH | E53: 2 | F53: STANDARD | G53: Chest-Supported Row | H53: 3 | I53: 8 reps | J53: Control the eccentric — 3s down
A54: P1-D6-STR-3 | B54: 1 | C54: 6 | D54: STRENGTH | E54: 3 | F54: STANDARD | G54: Landmine Row + Rotation | H54: 3 | I54: 8 reps each side | J54: Hip drive into the pull
A55: P1-D6-STR-4 | B55: 1 | C55: 6 | D55: STRENGTH | E55: 4 | F55: STANDARD | G55: Cable High-to-Low Woodchop | H55: 3 | I55: 10 reps each side | J55: Full rotation — belt to opposite knee | O55: This generates rotational knockout power — own every rep
A56: P1-D6-BAG-1 | B56: 1 | C56: 6 | D56: BAG | E56: 1 | F56: STANDARD | G56: Bag Work — Defence + Counter | H56: 5 | I56: 3 min rounds | J56: 60s rest between rounds | N56: R1-2: Slip + Return | R3: Parry + Cross Counter | R4: Clinch Exits | R5: Full Defence into Power Counter | O56: Move your head FIRST. The counter is earned by the defence.
A57: P1-D6-CLR-1 | B57: 1 | C57: 6 | D57: COOLDOWN | E57: 1 | F57: STANDARD | G57: Lat/Serratus Band Stretch | H57: 2 | I57: 45s each | J57: Full overhead lat stretch with band
A58: P1-D6-CLR-2 | B58: 1 | C58: 6 | D58: COOLDOWN | E58: 2 | F58: STANDARD | G58: Overhead Tricep Stretch | H58: 2 | I58: 45s each | J58: Elbow behind head — full stretch | O58: P1-D6-CLR-3,1,6,COOLDOWN,3,STANDARD,Doorway Hip Flexor,2,45s each,RIGHT side priority — desk/cycling fix,,,,,Posterior pelvic tilt — psoas stretch"
A59: P1-D6-CLR-4 | B59: 1 | C59: 6 | D59: COOLDOWN | E59: 4 | F59: STANDARD | G59: Wrist + Forearm Flexor | H59: 2 | I59: 30s each | J59: Palm-down wrist extension
A60: P2-D1-MOB-1-STD | B60: 2 | C60: 1 | D60: MOBILITY | E60: 1 | F60: STANDARD | G60: 90/90 Hip IR/ER + Loaded Stretch | I60: 2x60s each side | J60: RIGHT priority — add light resistance | O60: Phase 2: same base — add 2kg ankle weight for loaded stretch
A61: P2-D1-MOB-2-STD | B61: 2 | C61: 1 | D61: MOBILITY | E61: 2 | F61: STANDARD | G61: Supine Figure-4 Piriformis | I61: 2x60s each side | J61: Hold longer than Phase 1 | O61: Deep breath expands ribcage — increases stretch on exhale
A62: P2-D1-MOB-3-STD | B62: 2 | C62: 1 | D62: MOBILITY | E62: 3 | F62: STANDARD | G62: Half-Kneeling Hip Flexor + Band Resist | I62: 2x45s each side | J62: Add band resistance to glute | O62: Band around thigh — activates glute while stretching hip flexor
A63: P2-D1-MOB-1-HA | B63: 2 | C63: 1 | D63: MOBILITY | E63: 1 | F63: HIGH_ALERT | G63: Supine Knee Circles (Easy) | I63: 2x10 each direction | J63: Same as P1 — joint-first priority | O63: Same cue as Phase 1
A64: P2-D1-MOB-2-HA | B64: 2 | C64: 1 | D64: MOBILITY | E64: 2 | F64: HIGH_ALERT | G64: Adductor PAILs-RAILs | H64: 2 | I64: 45s | J64: Contract then deepen — neurological reset | O64: 5s max isometric contraction, then 10s relaxed deepening
A65: P2-D1-MOB-3-HA | B65: 2 | C65: 1 | D65: MOBILITY | E65: 3 | F65: HIGH_ALERT | G65: 90/90 Hip Stretch (Both positions) | H65: 3 | I65: 90s each side | J65: RIGHT side non-negotiable | O65: Same cue as Phase 1
A66: P2-D1-STR-1 | B66: 2 | C66: 1 | D66: STRENGTH | E66: 1 | F66: STANDARD | G66: Barbell Back Squat | H66: 4 | I66: 3-4 reps | J66: 85% 1RM — heavier than P1 | K66: Box Jump | L66: 4 | M66: 4 | O66: Heavier this phase — drop reps, keep form perfect
A67: P2-D1-STR-2 | B67: 2 | C67: 1 | D67: STRENGTH | E67: 2 | F67: STANDARD | G67: Trap Bar Deadlift | H67: 3 | I67: 6 reps | J67: Moderate — hip hinge emphasis | K67: Broad Jump | L67: 3 | M67: 4 | O67: Phase 2 switches to Trap Bar — more hip-dominant
A68: P2-D1-STR-3 | B68: 2 | C68: 1 | D68: STRENGTH | E68: 3 | F68: STANDARD | G68: Barbell Hip Thrust | H68: 3 | I68: 8 reps | J68: Heavier than P1 — 3s pause at top
A69: P2-D1-BAG-1 | B69: 2 | C69: 1 | D69: BAG | E69: 1 | F69: STANDARD | G69: Bag Work — Jab-Cross + Body Shot | H69: 6 | I69: 3 min rounds | J69: 60s rest between rounds | N69: R1: 1-2 + Body | R2: 1-2 + 1-2-Body | R3: Setup punch + Body | R4: Body first + Head | R5: Combination flow | R6: Power round | O69: Phase 2: body shots added — lower targets force hip rotation
A70: P2-D1-CLR-1 | B70: 2 | C70: 1 | D70: COOLDOWN | E70: 1 | F70: STANDARD | G70: Pigeon Pose (Deep) | H70: 3 | I70: 90s each side | J70: Same as P1 — this never changes
A71: P2-D1-CLR-2 | B71: 2 | C71: 1 | D71: COOLDOWN | E71: 2 | F71: STANDARD | G71: Couch Stretch | H71: 2 | I71: 60s each side | J71: RIGHT priority | O71: Phase 2: add posterior pelvic tilt AND reach arm overhead
A72: P2-D1-CLR-3 | B72: 2 | C72: 1 | D72: COOLDOWN | E72: 3 | F72: STANDARD | G72: Butterfly Adductor | H72: 2 | I72: 60s | J72: Lean further than P1 | O72: Non-negotiable hip flexor unload
A73: P2-D1-CLR-4 | B73: 2 | C73: 1 | D73: COOLDOWN | E73: 4 | F73: STANDARD | G73: QL Side Bend | H73: 2 | I73: 45s each | J73: Same as P1 | O73: Same cue
A74: P2-D3-MOB-1-STD | B74: 2 | C74: 3 | D74: MOBILITY | E74: 1 | F74: STANDARD | G74: Thoracic Rotation with Band | H74: 2 | I74: 10 each side | J74: Same as P1 | O74: Same cue
A75: P2-D3-MOB-2-STD | B75: 2 | C75: 3 | D75: MOBILITY | E75: 2 | F75: STANDARD | G75: World's Greatest Stretch | H75: 1 | I75: 6 each side | J75: One extra rep per side | O75: Phase 2: hold the rotation at end range 2s
A76: P2-D3-MOB-3-STD | B76: 2 | C76: 3 | D76: MOBILITY | E76: 3 | F76: STANDARD | G76: Active Hip Flexor Reach | H76: 2 | I76: 45s each | J76: Same as P1 | O76: Same cue
A77: P2-D3-STR-1 | B77: 2 | C77: 3 | D77: STRENGTH | E77: 1 | F77: STANDARD | G77: Incline Barbell Press | H77: 4 | I77: 4 reps | J77: 80% 1RM — heavier than P1 | K77: Explosive Push-up | L77: 4 | M77: 6 | O77: Phase 2: more PAP volume — 6 explosive push-ups
A78: P2-D3-STR-2 | B78: 2 | C78: 3 | D78: STRENGTH | E78: 2 | F78: STANDARD | G78: Weighted Dip | H78: 3 | I78: 5 reps | J78: +20-25kg Phase 2 | K78: Clap Push-up | L78: 3 | M78: 6 | O78: Heavier dip weight this phase
A79: P2-D3-STR-3 | B79: 2 | C79: 3 | D79: STRENGTH | E79: 3 | F79: STANDARD | G79: Landmine Press (Rotational) | H79: 3 | I79: 8 reps each | J79: Same load — add speed intent
A80: P2-D3-BAG-1 | B80: 2 | C80: 3 | D80: BAG | E80: 1 | F80: STANDARD | G80: Bag Work — 5-Strike Combinations | H80: 6 | I80: 3 min rounds | J80: 60s rest | N80: R1-2: 5-punch combos | R3: Overhand + combo | R4: Kickboxing entry | R5: Movement + combo | R6: Power round | O80: Phase 2: complexity increases. 5-strike combos build multi-hit KO sequences.
A81: P2-D3-CLR-1 | B81: 2 | C81: 3 | D81: COOLDOWN | E81: 1 | F81: STANDARD | G81: Doorway Chest Stretch | H81: 2 | I81: 60s | J81: Same as P1 | O81: Same cue
A82: P2-D3-CLR-2 | B82: 2 | C82: 3 | D82: COOLDOWN | E82: 2 | F82: STANDARD | G82: Shoulder Cross-Body Rear Delt | H82: 2 | I82: 45s each | J82: Same as P1 | O82: Same cue
A83: P2-D3-CLR-3 | B83: 2 | C83: 3 | D83: COOLDOWN | E83: 3 | F83: STANDARD | G83: Thread-the-Needle T-Spine | H83: 2 | I83: 45s each | J83: Same as P1 | O83: Same cue
A84: P2-D3-CLR-4 | B84: 2 | C84: 3 | D84: COOLDOWN | E84: 4 | F84: STANDARD | G84: Doorway Hip Flexor Lunge | H84: 2 | I84: 45s each | J84: RIGHT priority | O84: Same cue
A85: P2-D5-MOB-1-STD | B85: 2 | C85: 5 | D85: MOBILITY | E85: 1 | F85: STANDARD | G85: Cossack Squat + Pause | H85: 2 | I85: 6 each side | J85: 2s pause at bottom — loaded stretch
A86: P2-D5-MOB-2-STD | B86: 2 | C86: 5 | D86: MOBILITY | E86: 2 | F86: STANDARD | G86: Band Hip Abduction Standing | H86: 2 | I86: 20 reps | J86: Higher volume | O86: Same cue
A87: P2-D5-MOB-3-STD | B87: 2 | C87: 5 | D87: MOBILITY | E87: 3 | F87: STANDARD | G87: Lateral Lunge Adductor | H87: 2 | I87: 8 each side | J87: Deeper than Phase 1
A88: P2-D5-MOB-4-STD | B88: 2 | C88: 5 | D88: MOBILITY | E88: 4 | F88: STANDARD | G88: Hip Flexion + External Rotation | H88: 2 | I88: 45s each | J88: Same as P1 — RIGHT priority | O88: Same cue
A89: P2-D5-MOB-5-STD | B89: 2 | C89: 5 | D89: MOBILITY | E89: 5 | F89: STANDARD | G89: Supine Hip CARs | H89: 2 | I89: 6 each direction | J89: One extra rep per direction | O89: Same cue
A90: P2-D5-MOB-1-HA | B90: 2 | C90: 5 | D90: MOBILITY | E90: 1 | F90: HIGH_ALERT | G90: Hip CARs (Slow) | H90: 2 | I90: 5 each direction | J90: Same as P1 HIGH_ALERT | O90: Same cue
A91: P2-D5-MOB-2-HA | B91: 2 | C91: 5 | D91: MOBILITY | E91: 2 | F91: HIGH_ALERT | G91: 90/90 Stretch (Both positions) | H91: 3 | I91: 90s each side | J91: RIGHT side non-negotiable | O91: Same as P1
A92: P2-D5-MOB-3-HA | B92: 2 | C92: 5 | D92: MOBILITY | E92: 3 | F92: HIGH_ALERT | G92: Adductor PAILs-RAILs | H92: 2 | I92: 45s each | J92: Same as P1 | O92: Same cue
A93: P2-D5-MOB-4-HA | B93: 2 | C93: 5 | D93: MOBILITY | E93: 4 | F93: HIGH_ALERT | G93: Prone Hip Extension + Hold | H93: 2 | I93: 60s each | J93: Hold at top 5s | O93: Same as P1 HIGH_ALERT
A94: P2-D5-MOB-5-HA | B94: 2 | C94: 5 | D94: MOBILITY | E94: 5 | F94: HIGH_ALERT | G94: Lying Hip IR + Traction | H94: 2 | I94: 60s each | J94: Same as P1 | O94: Same cue
A95: P2-D5-STR-1 | B95: 2 | C95: 5 | D95: STRENGTH | E95: 1 | F95: STANDARD | G95: Bulgarian Split Squat | H95: 4 | I95: 5 reps each | J95: Add load this phase — +5 to 10kg | K95: Single-Leg Box Jump | L95: 4 | M95: 3 | O95: Phase 2: add weight — drive through the glute not the quad
A96: P2-D5-STR-2 | B96: 2 | C96: 5 | D96: STRENGTH | E96: 2 | F96: STANDARD | G96: Single-Leg RDL + Pause | H96: 3 | I96: 8 each | J96: 2s pause at bottom — hamstring load
A97: P2-D5-STR-3 | B97: 2 | C97: 5 | D97: STRENGTH | E97: 3 | F97: STANDARD | G97: Copenhagen Plank | H97: 3 | I97: 25s each | J97: Longer hold than P1
A98: P2-D5-STR-4 | B98: 2 | C98: 5 | D98: STRENGTH | E98: 4 | F98: STANDARD | G98: Single-Leg Hip Thrust + Pause | H98: 3 | I98: 10 each | J98: 2s pause at top
A99: P2-D5-BAG-1 | B99: 2 | C99: 5 | D99: BAG | E99: 1 | F99: STANDARD | G99: Bag Work — Full Roundhouse Integration | H99: 6 | I99: 3 min rounds | J99: 60s rest | N99: R1-2: Jab-Cross + High Kick setup | R3: Body kick | R4: Switch kick | R5: 3-punch + kick combo | R6: All-out sparring pace | O99: Phase 2: kicks are now primary weapons. Set them up correctly.
A100: P2-D5-CLR-1 | B100: 2 | C100: 5 | D100: COOLDOWN | E100: 1 | F100: STANDARD | G100: Pigeon Pose EXTENDED | H100: 3 | I100: 90s each side | J100: Same non-negotiable | O100: Same cue — never skip this
...

Sheet FightLog
A1: Date | B1: Day | C1: Phase | D1: Hip_Score | E1: Ex1_S1_kg | F1: Ex1_S1_reps | G1: Ex1_S2_kg | H1: Ex1_S2_reps | I1: Ex1_S3_kg | J1: Ex1_S3_reps | K1: Ex1_S4_kg | L1: Ex1_S4_reps | M1: Ex2_S1_kg | N1: Ex2_S1_reps | O1: Ex2_S2_kg | P1: Ex2_S2_reps | Q1: Ex2_S3_kg | R1: Ex2_S3_reps | S1: Ex2_S4_kg | T1: Ex2_S4_reps | U1: Ex3_S1_kg | V1: Ex3_S1_reps | W1: Ex3_S2_kg | X1: Ex3_S2_reps | Y1: Ex3_S3_kg | Z1: Ex3_S3_reps | AA1: Ex3_S4_kg | AB1: Ex3_S4_reps | AC1: Ex4_S1_kg | AD1: Ex4_S1_reps | AE1: Ex4_S2_kg | AF1: Ex4_S2_reps | AG1: Ex4_S3_kg | AH1: Ex4_S3_reps | AI1: Ex4_S4_kg | AJ1: Ex4_S4_reps | AK1: Mob_Done | AL1: Clr_Done | AM1: Bag_Rounds | AN1: Notes | AO1: Completeness_%

Sheet Stats
A1: 📈 PERFORMANCE STATS
A3: TOTAL SESSIONS LOGGED | B3: =COUNTA(FightLog!A:A)-1
A4: CURRENT PHASE | B4: =Settings!B3
A5: PHASE UNLOCK STATUS | B5: =Settings!B10
A7: AVG COMPLETENESS % | B7: =IFERROR(AVERAGE(FightLog!AO:AO),"-")
A8: BEST SESSION % | B8: =IFERROR(MAX(FightLog!AO:AO),"-")
A9: LOWEST HIP SCORE | B9: =IFERROR(MIN(FightLog!D:D),"-")
A10: AVG HIP SCORE | B10: =IFERROR(AVERAGE(FightLog!D:D),"-")
